4.000000000000000000e+00,2.900000000000000000e+01,3.025044308033864038e-01,6.074799813235906010e-01,8.548011810605625760e-01
2.000000000000000000e+00,2.300000000000000000e+01,6.028882157942072606e-01,8.356919712021262381e-01,8.213060965314932238e-01
5.000000000000000000e+00,4.000000000000000000e+00,8.614179243761291849e-01,2.826583709147021395e-01,0.000000000000000000e+00
8.000000000000000000e+00,3.600000000000000000e+01,2.896979772541923848e-01,1.385663817288225463e-01,2.777544825721539046e-01
2.000000000000000000e+00,2.000000000000000000e+01,5.081092880912101428e-01,8.583622673819550908e-01,7.520582079096171935e-01
2.000000000000000000e+00,6.000000000000000000e+00,9.723973458187905594e-01,7.476416759947815960e-01,5.686731131783260285e-01
4.000000000000000000e+00,1.500000000000000000e+01,3.553389944800015576e-01,6.574193741222398302e-01,0.000000000000000000e+00
7.000000000000000000e+00,4.000000000000000000e+01,5.386688347091779239e-01,1.079109614666960704e-01,2.597269171325550796e-01
6.000000000000000000e+00,6.000000000000000000e+00,5.667172567134816097e-01,3.192275906323377432e-01,1.068573842219695536e-01
8.000000000000000000e+00,3.000000000000000000e+01,0.000000000000000000e+00,1.928652973009047367e-01,4.027720890821190891e-01
8.000000000000000000e+00,2.200000000000000000e+01,7.043280610069312629e-03,2.196638311229818785e-01,2.192145420648540233e-01
2.000000000000000000e+00,1.100000000000000000e+01,8.748364286833235637e-01,8.028630409153290071e-01,0.000000000000000000e+00
8.000000000000000000e+00,1.800000000000000000e+01,0.000000000000000000e+00,2.308063595193937112e-01,1.489812111797714778e-01
8.000000000000000000e+00,2.600000000000000000e+01,1.078739188244684337e-02,2.131011556884348512e-01,2.732035489199992062e-01
2.000000000000000000e+00,3.500000000000000000e+01,8.897519999370455679e-01,7.492535572649323683e-01,8.872891860539979803e-01
2.000000000000000000e+00,0.000000000000000000e+00,7.922417320915701167e-01,7.925178137443967818e-01,7.920084156991886726e-01
4.000000000000000000e+00,3.000000000000000000e+00,9.256352832371095296e-01,4.374543994681357462e-01,3.485851028834857090e-01
8.000000000000000000e+00,1.100000000000000000e+01,2.085658114822316889e-01,1.949548147398904585e-01,1.273180303820359849e-01
4.000000000000000000e+00,2.700000000000000000e+01,2.243831185976888909e-01,6.268015349909964451e-01,7.780185245634581026e-01
5.000000000000000000e+00,1.600000000000000000e+01,0.000000000000000000e+00,5.635063573894382172e-01,9.283451738278150622e-02
4.000000000000000000e+00,3.900000000000000000e+01,8.978881234204194595e-01,4.344337515406455630e-01,5.726742775355254667e-01
1.000000000000000000e+00,1.000000000000000000e+01,9.768387139916235862e-01,9.016885949237340991e-01,5.557865171416830341e-01
5.000000000000000000e+00,3.400000000000000000e+01,5.921837361173759584e-01,4.119009386090986546e-01,6.841684966212602248e-01
7.000000000000000000e+00,1.000000000000000000e+01,3.317458260983685014e-01,2.797398429531938735e-01,1.167295133621666647e-01
6.000000000000000000e+00,2.400000000000000000e+01,0.000000000000000000e+00,4.262067484148945873e-01,4.699106790828382896e-01
7.000000000000000000e+00,3.000000000000000000e+01,0.000000000000000000e+00,2.849913732398622335e-01,5.517176219325025111e-01
1.000000000000000000e+00,5.000000000000000000e+00,9.642570580704713512e-01,8.847207205312244138e-01,8.433037206148239484e-01
4.000000000000000000e+00,3.800000000000000000e+01,8.329608084792269329e-01,4.729639925705304004e-01,6.133178167760493515e-01
3.000000000000000000e+00,1.800000000000000000e+01,3.435266006858011534e-01,7.634248608608493747e-01,5.793353331215861379e-01
5.000000000000000000e+00,6.000000000000000000e+00,7.349110033946617548e-01,3.936943784560313908e-01,0.000000000000000000e+00
2.000000000000000000e+00,2.400000000000000000e+01,6.025905057492925154e-01,8.337510951707832740e-01,8.412220170388494678e-01
4.000000000000000000e+00,3.600000000000000000e+01,7.778025488100169804e-01,4.893714002156263621e-01,7.144757704283715150e-01
3.000000000000000000e+00,1.500000000000000000e+01,5.065258304194030226e-01,7.550183153984995066e-01,2.784034227728235944e-01
5.000000000000000000e+00,2.800000000000000000e+01,0.000000000000000000e+00,5.180933483918014337e-01,7.389030980158006745e-01
3.000000000000000000e+00,3.000000000000000000e+00,9.941448376904030715e-01,5.733399409410071534e-01,4.875109264827643396e-01
8.000000000000000000e+00,2.000000000000000000e+01,0.000000000000000000e+00,2.308424293000127525e-01,1.845668389022383227e-01
4.000000000000000000e+00,3.000000000000000000e+01,3.982218083283698418e-01,5.924863628928904724e-01,8.575176224373647349e-01
6.000000000000000000e+00,3.900000000000000000e+01,6.728841960877539607e-01,2.001974296547778254e-01,3.889148568883616930e-01
6.000000000000000000e+00,1.600000000000000000e+01,1.405532464135005044e-01,4.370313745490665425e-01,1.635232242006131320e-01
4.000000000000000000e+00,2.500000000000000000e+01,0.000000000000000000e+00,6.456207410979853956e-01,7.281273939793404537e-01
7.000000000000000000e+00,3.000000000000000000e+00,5.815902731386981550e-01,3.055900323522531617e-02,8.701426126885536405e-02
4.000000000000000000e+00,1.000000000000000000e+01,6.912703650214651052e-01,5.764594755929648429e-01,0.000000000000000000e+00
8.000000000000000000e+00,2.900000000000000000e+01,0.000000000000000000e+00,2.023786111368440221e-01,3.472083616398463635e-01
1.000000000000000000e+00,4.000000000000000000e+01,9.469806059913506990e-01,8.859008786053242934e-01,8.892225992933874279e-01
4.000000000000000000e+00,1.700000000000000000e+01,1.220958369597297810e-01,6.675935303693493195e-01,3.928349179360114962e-01
5.000000000000000000e+00,0.000000000000000000e+00,4.817878124266486428e-01,4.819249198738468354e-01,4.816232378050268603e-01
8.000000000000000000e+00,1.700000000000000000e+01,8.726960944670567044e-02,2.189417210251085044e-01,1.492786345053947195e-01
4.000000000000000000e+00,8.000000000000000000e+00,7.834360434989846578e-01,5.376651276785920919e-01,0.000000000000000000e+00
3.000000000000000000e+00,2.500000000000000000e+01,4.017833762829212674e-01,7.374527032762190348e-01,7.892998459753634011e-01
8.000000000000000000e+00,3.500000000000000000e+01,2.760681662279245718e-01,1.443732688288729415e-01,2.909048258050895286e-01
7.000000000000000000e+00,8.000000000000000000e+00,3.892870025484735375e-01,2.578777031689949983e-01,3.145137736523986177e-02
1.000000000000000000e+00,1.600000000000000000e+01,8.363782563163302264e-01,9.247018289671189439e-01,8.191253768548176772e-01
7.000000000000000000e+00,3.900000000000000000e+01,5.255610221369652058e-01,1.181851421429223059e-01,3.052088776206446363e-01
6.000000000000000000e+00,1.500000000000000000e+01,2.272799177606793508e-01,4.295910434575839210e-01,7.839048913453941503e-02
4.000000000000000000e+00,2.400000000000000000e+01,0.000000000000000000e+00,6.503654787633303958e-01,6.941732646647477134e-01
2.000000000000000000e+00,4.000000000000000000e+00,9.961359605962277763e-01,7.324150047148112463e-01,6.329481200607112168e-01
7.000000000000000000e+00,2.400000000000000000e+01,0.000000000000000000e+00,3.243052843158317211e-01,3.750890267577010051e-01
5.000000000000000000e+00,1.000000000000000000e+01,5.729027481243876840e-01,4.740170023918292563e-01,0.000000000000000000e+00
2.000000000000000000e+00,3.400000000000000000e+01,8.272131011173587956e-01,7.724922191937144689e-01,8.754291276059845694e-01
8.000000000000000000e+00,2.500000000000000000e+01,0.000000000000000000e+00,2.156491755026497259e-01,2.617694822371389729e-01
7.000000000000000000e+00,2.000000000000000000e+00,5.458122895604357039e-01,1.132862044516843858e-01,1.687802394459540223e-01
4.000000000000000000e+00,3.200000000000000000e+01,5.858596253330455861e-01,5.580705867589673685e-01,7.859222937147747334e-01
3.000000000000000000e+00,1.000000000000000000e+00,9.324574960466990303e-01,5.976903452061551603e-01,6.040214110356886268e-01
6.000000000000000000e+00,2.900000000000000000e+01,0.000000000000000000e+00,3.997914811853732764e-01,6.437831865919324548e-01
5.000000000000000000e+00,3.900000000000000000e+01,8.311855990693024498e-01,2.735891064574427212e-01,4.807438385906451228e-01
1.000000000000000000e+00,8.000000000000000000e+00,9.543095255427832546e-01,8.925961479418991207e-01,7.924353178607216330e-01
2.000000000000000000e+00,1.800000000000000000e+01,5.387416387889711888e-01,8.579874531428318685e-01,6.972634035035354394e-01
4.000000000000000000e+00,3.700000000000000000e+01,8.055767396164142946e-01,4.811244542449795714e-01,6.688312347152597370e-01
6.000000000000000000e+00,1.200000000000000000e+01,4.004855689474231539e-01,3.924227170884695415e-01,6.935436205991959979e-02
2.000000000000000000e+00,3.200000000000000000e+01,7.885469235737903038e-01,7.827648226443004731e-01,8.906535259694579043e-01
8.000000000000000000e+00,1.000000000000000000e+00,3.783398126056240485e-01,6.815768803801469655e-02,1.814228231411598447e-01
6.000000000000000000e+00,1.900000000000000000e+01,0.000000000000000000e+00,4.567123843396518335e-01,3.201695818894994550e-01
7.000000000000000000e+00,3.400000000000000000e+01,4.046834121534202966e-01,1.934272033743698049e-01,4.831591255626496717e-01
2.000000000000000000e+00,2.600000000000000000e+01,6.288056521009833810e-01,8.248740028903791544e-01,8.751681014102717926e-01
8.000000000000000000e+00,1.600000000000000000e+01,1.103062336037686220e-01,2.172638255885831482e-01,1.269128057591075165e-01
5.000000000000000000e+00,5.000000000000000000e+00,7.910825878597288474e-01,3.529088687712258476e-01,0.000000000000000000e+00
5.000000000000000000e+00,2.400000000000000000e+01,0.000000000000000000e+00,5.435348333417874267e-01,5.968586173937575623e-01
2.000000000000000000e+00,3.600000000000000000e+01,9.162186485726248053e-01,7.418533254962413892e-01,8.654873961582723041e-01
7.000000000000000000e+00,0.000000000000000000e+00,2.839099015979061891e-01,2.839828864757497073e-01,2.837805450094268989e-01
6.000000000000000000e+00,2.800000000000000000e+01,0.000000000000000000e+00,4.143303553686137897e-01,6.356732654168804064e-01
4.000000000000000000e+00,1.400000000000000000e+01,4.994142526559590123e-01,6.318359570410277959e-01,0.000000000000000000e+00
3.000000000000000000e+00,2.200000000000000000e+01,2.122366138808816083e-01,7.634292474132040596e-01,7.156437456661876029e-01
1.000000000000000000e+00,9.000000000000000000e+00,9.797256349481898718e-01,8.932661663159368048e-01,6.763962692419279721e-01
2.000000000000000000e+00,3.000000000000000000e+00,9.967033477939474251e-01,7.290205236851005077e-01,6.690968387712871168e-01
5.000000000000000000e+00,1.800000000000000000e+01,0.000000000000000000e+00,5.627464301062787833e-01,3.716275508270930339e-01
3.000000000000000000e+00,3.700000000000000000e+01,9.214013865573744688e-01,5.831816342875920656e-01,7.702880853890965440e-01
8.000000000000000000e+00,1.300000000000000000e+01,1.890135551855212925e-01,1.999748483417803091e-01,1.398095557215904561e-01
6.000000000000000000e+00,3.600000000000000000e+01,5.939563677591138680e-01,2.460730231984596950e-01,5.432977986742879573e-01
9.000000000000000000e+00,0.000000000000000000e+00,1.525643607806811408e-01,1.526592790717243575e-01,1.525247150499169924e-01
8.000000000000000000e+00,2.300000000000000000e+01,0.000000000000000000e+00,2.188655943770955736e-01,2.332793932282470339e-01
3.000000000000000000e+00,1.300000000000000000e+01,6.650497674510446044e-01,7.261511128892719213e-01,0.000000000000000000e+00
1.000000000000000000e+00,7.000000000000000000e+00,9.623997214939664646e-01,8.885840636707040829e-01,8.079644395653827749e-01
6.000000000000000000e+00,2.600000000000000000e+01,0.000000000000000000e+00,4.264140175954403422e-01,5.603366721739470036e-01
8.000000000000000000e+00,8.000000000000000000e+00,2.361934309201488835e-01,1.849264430680157834e-01,1.309834224310033046e-01
1.000000000000000000e+00,1.800000000000000000e+01,8.100123566706706191e-01,9.280674092038331269e-01,8.569594680866401415e-01
2.000000000000000000e+00,1.000000000000000000e+01,9.276705817242310026e-01,7.859607717083463285e-01,0.000000000000000000e+00
7.000000000000000000e+00,3.200000000000000000e+01,3.142160715074571731e-01,2.299331453677732062e-01,5.299902780697700599e-01
6.000000000000000000e+00,1.000000000000000000e+00,7.353522601079726106e-01,1.162060231384941245e-01,2.797425463759607434e-01
3.000000000000000000e+00,3.400000000000000000e+01,7.463594309949443950e-01,6.539668451730068499e-01,8.135612204940861902e-01
2.000000000000000000e+00,2.200000000000000000e+01,6.022348839857393221e-01,8.379184983559517796e-01,7.996070553519573076e-01
7.000000000000000000e+00,3.800000000000000000e+01,5.113186348539744408e-01,1.278368824757456779e-01,3.466400054250677876e-01
3.000000000000000000e+00,3.100000000000000000e+01,6.448748513092730228e-01,6.810148363714889630e-01,8.492929481795727931e-01
6.000000000000000000e+00,1.100000000000000000e+01,4.264614103645725240e-01,3.840685711124981472e-01,6.974091337941112911e-02
3.000000000000000000e+00,2.700000000000000000e+01,4.628636684532482781e-01,7.237643064808313431e-01,8.273070261937001124e-01
6.000000000000000000e+00,3.500000000000000000e+01,5.311633562197792813e-01,2.908783026853763998e-01,5.489531250719204003e-01
1.000000000000000000e+00,1.200000000000000000e+01,9.289004626441466073e-01,9.172191003682609312e-01,5.488239322597393555e-01
1.000000000000000000e+00,3.400000000000000000e+01,9.112202168403872315e-01,8.927563197809821327e-01,9.316049832299263533e-01
1.000000000000000000e+00,2.100000000000000000e+01,7.981470833341948179e-01,9.280297950729967660e-01,8.887541468127729827e-01
6.000000000000000000e+00,3.100000000000000000e+01,2.987593713432302733e-01,3.525959788313081655e-01,6.929213082064366036e-01
3.000000000000000000e+00,8.000000000000000000e+00,9.168026911862633410e-01,6.351381333436101340e-01,0.000000000000000000e+00
7.000000000000000000e+00,1.400000000000000000e+01,2.496248266309576969e-01,3.029231514325235741e-01,1.451942671998269208e-01
5.000000000000000000e+00,4.000000000000000000e+01,8.443547866293448223e-01,2.686464523903873691e-01,4.213190198443057533e-01
8.000000000000000000e+00,1.000000000000000000e+01,2.181261265044485143e-01,1.919457981948015646e-01,1.248831554474342243e-01
7.000000000000000000e+00,2.300000000000000000e+01,0.000000000000000000e+00,3.267095388718608273e-01,3.479590075661729842e-01
7.000000000000000000e+00,1.000000000000000000e+00,5.448800684831395236e-01,1.064381112952042518e-01,2.166081572292402058e-01
2.000000000000000000e+00,2.700000000000000000e+01,6.495416133272102766e-01,8.194316000232659825e-01,8.842184394664431846e-01
8.000000000000000000e+00,6.000000000000000000e+00,2.904257493121956690e-01,1.618374827568620222e-01,9.084686977473108160e-02
3.000000000000000000e+00,3.800000000000000000e+01,9.482104580064648625e-01,5.763617677313891408e-01,7.123711075473276866e-01
4.000000000000000000e+00,2.000000000000000000e+01,0.000000000000000000e+00,6.716555978053164733e-01,5.403378154911372411e-01
1.000000000000000000e+00,3.100000000000000000e+01,8.890174581776710827e-01,8.985275173519388092e-01,9.397890743457234519e-01
4.000000000000000000e+00,4.000000000000000000e+00,9.559786922754250904e-01,4.220778908921503092e-01,1.853414399499221932e-01
6.000000000000000000e+00,1.700000000000000000e+01,0.000000000000000000e+00,4.547803957962778809e-01,2.214337686560957086e-01
6.000000000000000000e+00,2.500000000000000000e+01,0.000000000000000000e+00,4.219656522049078928e-01,4.920363712117065691e-01
2.000000000000000000e+00,1.400000000000000000e+01,7.156635706662607399e-01,8.437442199447398039e-01,2.677612314119126036e-01
4.000000000000000000e+00,5.000000000000000000e+00,9.429345266970748929e-01,4.386061907463019161e-01,0.000000000000000000e+00
3.000000000000000000e+00,4.000000000000000000e+01,9.248456195392891210e-01,5.982860898269989347e-01,6.363723252311074274e-01
8.000000000000000000e+00,2.100000000000000000e+01,2.389513551916365441e-02,2.203091523399892671e-01,2.007928203690249047e-01
2.000000000000000000e+00,1.200000000000000000e+01,8.333728255741211788e-01,8.161848716313591101e-01,0.000000000000000000e+00
1.000000000000000000e+00,1.000000000000000000e+00,9.499730013580743870e-01,8.854662301672434621e-01,8.838835894129390969e-01
7.000000000000000000e+00,1.200000000000000000e+01,2.967953169993243767e-01,2.914459282090529069e-01,1.150354698866463410e-01
7.000000000000000000e+00,3.500000000000000000e+01,4.350669489813873136e-01,1.776555594770544699e-01,4.577947152430691946e-01
6.000000000000000000e+00,4.000000000000000000e+00,7.092742743810359629e-01,1.933718847956830966e-01,0.000000000000000000e+00
7.000000000000000000e+00,1.800000000000000000e+01,0.000000000000000000e+00,3.381715766079144148e-01,2.146156748116350710e-01
8.000000000000000000e+00,5.000000000000000000e+00,2.992629245171700147e-01,1.550947310607493634e-01,1.135698868676942863e-01
6.000000000000000000e+00,3.700000000000000000e+01,6.276064679555861670e-01,2.263841359415645904e-01,4.968399148970267798e-01
4.000000000000000000e+00,2.300000000000000000e+01,0.000000000000000000e+00,6.543196155000422509e-01,6.556310923219634823e-01
7.000000000000000000e+00,1.500000000000000000e+01,1.794428280708581513e-01,3.180712458664081699e-01,1.051874380813397070e-01
3.000000000000000000e+00,2.800000000000000000e+01,4.134226794464601618e-01,7.228469761357204648e-01,8.957236526393925757e-01
2.000000000000000000e+00,3.300000000000000000e+01,8.105179574618841531e-01,7.766748593405566892e-01,8.851229779469543812e-01
7.000000000000000000e+00,2.800000000000000000e+01,0.000000000000000000e+00,3.091359139939813261e-01,4.905183391016037509e-01
0.000000000000000000e+00,0.000000000000000000e+00,9.544564058233441228e-01,9.548459534042791352e-01,9.542979627508715312e-01
2.000000000000000000e+00,3.100000000000000000e+01,7.638211747296904663e-01,7.892956908827531981e-01,8.965302301791391315e-01
3.000000000000000000e+00,1.400000000000000000e+01,5.908260376178051665e-01,7.434437341523744136e-01,0.000000000000000000e+00
8.000000000000000000e+00,3.200000000000000000e+01,2.214662432258253655e-01,1.515126618810617443e-01,3.763671212129403032e-01
3.000000000000000000e+00,2.000000000000000000e+01,2.795382055480507555e-01,7.646944348045180417e-01,6.441925123891365512e-01
3.000000000000000000e+00,1.000000000000000000e+01,8.102654132632812756e-01,6.799470769331822373e-01,0.000000000000000000e+00
4.000000000000000000e+00,2.100000000000000000e+01,6.414805220594397769e-03,6.579479487721052733e-01,5.784055951854863986e-01
6.000000000000000000e+00,2.000000000000000000e+00,7.357917579775614669e-01,1.310080854633965397e-01,2.024508383904340403e-01
2.000000000000000000e+00,1.600000000000000000e+01,5.778516881058123333e-01,8.619770775187947098e-01,5.348445681609478308e-01
8.000000000000000000e+00,3.400000000000000000e+01,2.853741994069309840e-01,1.256933113533588720e-01,3.397374586940268282e-01
3.000000000000000000e+00,2.000000000000000000e+00,9.380442298281473912e-01,5.979609455301159171e-01,5.711190897438340741e-01
3.000000000000000000e+00,3.500000000000000000e+01,8.184939047484448560e-01,6.251359356216137364e-01,8.204361825699485467e-01
4.000000000000000000e+00,2.800000000000000000e+01,1.387293579834458224e-01,6.234707401093717571e-01,8.427629524069578659e-01
6.000000000000000000e+00,0.000000000000000000e+00,3.810159102883092230e-01,3.811805101039120180e-01,3.809492181953306189e-01
7.000000000000000000e+00,9.000000000000000000e+00,3.480665868031699861e-01,2.732501897566746996e-01,1.237058355063407611e-01
6.000000000000000000e+00,2.000000000000000000e+01,0.000000000000000000e+00,4.568863989347028975e-01,3.544154377830004976e-01
7.000000000000000000e+00,7.000000000000000000e+00,4.083814888013003186e-01,2.472887388774552830e-01,6.703906372470117003e-02
1.000000000000000000e+00,3.000000000000000000e+01,8.760675007858036434e-01,9.021400293503304413e-01,9.410845106434735374e-01
2.000000000000000000e+00,7.000000000000000000e+00,9.974891668080504425e-01,7.444132965251795131e-01,4.465151301015687912e-01
2.000000000000000000e+00,3.900000000000000000e+01,9.700701759237543298e-01,7.299139757781683002e-01,7.775987523445023752e-01
3.000000000000000000e+00,1.900000000000000000e+01,3.117476654024743388e-01,7.642254456586322631e-01,6.128972329512017980e-01
6.000000000000000000e+00,4.000000000000000000e+01,7.269876686104377317e-01,1.205755075373549090e-01,3.369616082634782073e-01
6.000000000000000000e+00,2.300000000000000000e+01,0.000000000000000000e+00,4.424843726864965410e-01,4.649957329993093524e-01
5.000000000000000000e+00,2.900000000000000000e+01,0.000000000000000000e+00,5.066365832452905948e-01,8.043775311690143370e-01
6.000000000000000000e+00,1.300000000000000000e+01,3.657634535849905721e-01,4.018446475503866799e-01,9.369795000068292801e-02
8.000000000000000000e+00,2.700000000000000000e+01,0.000000000000000000e+00,2.160788312421422219e-01,3.316400697669100173e-01
3.000000000000000000e+00,3.300000000000000000e+01,7.195411247350880224e-01,6.611424060596932106e-01,8.284460279526173476e-01
7.000000000000000000e+00,1.900000000000000000e+01,0.000000000000000000e+00,3.483661176328487485e-01,2.366775375015170990e-01
5.000000000000000000e+00,2.700000000000000000e+01,2.892770652548662044e-02,5.210778736911495512e-01,6.744913951436904975e-01
8.000000000000000000e+00,2.400000000000000000e+01,0.000000000000000000e+00,2.173536724899358119e-01,2.495249225864112352e-01
6.000000000000000000e+00,1.400000000000000000e+01,3.283604193493078194e-01,4.102027537341400576e-01,1.279676243957575121e-01
1.000000000000000000e+00,2.900000000000000000e+01,8.666878787248630811e-01,9.047909821089643589e-01,9.411640481898035926e-01
4.000000000000000000e+00,4.000000000000000000e+01,9.125832279801726621e-01,4.303828872991169452e-01,5.191600099682430747e-01
2.000000000000000000e+00,8.000000000000000000e+00,1.000000000000000000e+00,7.393176099422403835e-01,0.000000000000000000e+00
2.000000000000000000e+00,2.500000000000000000e+01,6.087338218207819507e-01,8.307667779644463124e-01,8.583397509448515983e-01
4.000000000000000000e+00,2.000000000000000000e+00,9.268463531589885562e-01,4.307217979709317413e-01,4.155669482702455952e-01
1.000000000000000000e+00,1.300000000000000000e+01,8.935484081270530510e-01,9.271106785149798579e-01,5.576215672000969237e-01
7.000000000000000000e+00,2.900000000000000000e+01,0.000000000000000000e+00,2.995438077256162290e-01,5.490482497599914469e-01
8.000000000000000000e+00,3.000000000000000000e+00,3.823472920213151771e-01,7.481243565655040784e-02,1.128199784856382948e-01
4.000000000000000000e+00,1.800000000000000000e+01,0.000000000000000000e+00,6.700502930553254854e-01,4.648198418461491621e-01
4.000000000000000000e+00,9.000000000000000000e+00,7.315484948271312460e-01,5.598662805026127787e-01,0.000000000000000000e+00
8.000000000000000000e+00,4.000000000000000000e+01,3.702036201824671635e-01,7.399536420741686937e-02,2.102046505496321660e-01
6.000000000000000000e+00,9.000000000000000000e+00,4.754488518692053245e-01,3.650176381440077833e-01,1.037291301998111981e-01
6.000000000000000000e+00,3.400000000000000000e+01,4.940555555014333744e-01,3.056200867070107408e-01,5.791974665057646465e-01
5.000000000000000000e+00,7.000000000000000000e+00,6.833032477578423469e-01,4.237087833096093159e-01,1.557226040785183487e-03
3.000000000000000000e+00,2.400000000000000000e+01,3.929974559724695449e-01,7.414549687556941659e-01,7.631210372545930154e-01
3.000000000000000000e+00,7.000000000000000000e+00,9.617279297744246724e-01,6.112656138397850603e-01,0.000000000000000000e+00
5.000000000000000000e+00,2.600000000000000000e+01,0.000000000000000000e+00,5.301926545625942344e-01,6.575597867048982303e-01
2.000000000000000000e+00,2.900000000000000000e+01,6.447143246090910607e-01,8.113383113952675751e-01,9.613024493144511906e-01
2.000000000000000000e+00,3.800000000000000000e+01,9.590101034922323686e-01,7.318446216997196441e-01,8.026995954517727183e-01
6.000000000000000000e+00,2.200000000000000000e+01,0.000000000000000000e+00,4.444770438847881477e-01,4.308285772867599950e-01
5.000000000000000000e+00,3.300000000000000000e+01,5.501204853783998594e-01,4.255693059510761156e-01,7.091838299855812711e-01
3.000000000000000000e+00,1.200000000000000000e+01,7.258947862838115439e-01,7.089821750529934352e-01,0.000000000000000000e+00
8.000000000000000000e+00,2.000000000000000000e+00,3.836662308241313712e-01,6.649871944132679236e-02,1.476763577056441068e-01
5.000000000000000000e+00,1.500000000000000000e+01,2.909373897226855132e-01,5.425349471224533149e-01,4.495658582687835775e-02
2.000000000000000000e+00,2.100000000000000000e+01,4.997411418458541088e-01,8.576076232773263142e-01,7.752225473164537917e-01
4.000000000000000000e+00,3.400000000000000000e+01,6.682677491914281731e-01,5.343917130464598264e-01,7.503699230519097485e-01
8.000000000000000000e+00,1.200000000000000000e+01,1.996247697745471283e-01,1.974305179950378575e-01,1.319092854958366645e-01
1.000000000000000000e+00,1.700000000000000000e+01,8.189512422187740226e-01,9.272683793722898971e-01,8.409128866092335786e-01
3.000000000000000000e+00,2.600000000000000000e+01,4.262168278872688343e-01,7.311649206525757672e-01,8.138825234524652563e-01
2.000000000000000000e+00,2.000000000000000000e+00,9.907993945241940770e-01,7.286989598011025526e-01,7.008974045395923724e-01
5.000000000000000000e+00,1.700000000000000000e+01,0.000000000000000000e+00,5.723845688377950935e-01,2.745296264654637497e-01
5.000000000000000000e+00,3.700000000000000000e+01,7.412140238901476774e-01,3.383183351056600063e-01,5.932347360377642209e-01
8.000000000000000000e+00,7.000000000000000000e+00,2.788706190199350399e-01,1.692052727630753706e-01,6.969968044580976407e-02
6.000000000000000000e+00,3.200000000000000000e+01,3.991492040743932490e-01,3.372226540340090839e-01,6.272844588602168869e-01
1.000000000000000000e+00,1.500000000000000000e+01,8.582718035611502927e-01,9.206540913806678939e-01,7.982445358099081734e-01
5.000000000000000000e+00,3.800000000000000000e+01,7.744824768642480928e-01,3.230242858932058647e-01,5.272777137989441698e-01
5.000000000000000000e+00,8.000000000000000000e+00,6.508353816652672208e-01,4.414436504154329866e-01,0.000000000000000000e+00
7.000000000000000000e+00,2.200000000000000000e+01,0.000000000000000000e+00,3.277155512416959904e-01,3.223586697487361152e-01
8.000000000000000000e+00,4.000000000000000000e+00,3.411927596131557605e-01,1.246999875740184005e-01,1.035111504407739413e-01
4.000000000000000000e+00,2.600000000000000000e+01,9.701703163265981700e-02,6.367464477590788485e-01,7.595951265989989709e-01
3.000000000000000000e+00,6.000000000000000000e+00,1.000000000000000000e+00,5.842711077878326442e-01,0.000000000000000000e+00
3.000000000000000000e+00,3.200000000000000000e+01,6.845655961688612567e-01,6.704669592920033949e-01,8.418415607649448740e-01
2.000000000000000000e+00,1.300000000000000000e+01,7.710281500720465031e-01,8.337767068173911333e-01,0.000000000000000000e+00
3.000000000000000000e+00,3.600000000000000000e+01,8.502894846812880658e-01,6.155556636438083151e-01,7.899143118392135676e-01
7.000000000000000000e+00,1.300000000000000000e+01,2.732947197869856071e-01,2.977716077249768500e-01,1.253918901969558186e-01
2.000000000000000000e+00,1.000000000000000000e+00,9.858650432665799768e-01,7.282904870821033105e-01,7.273346667769303719e-01
4.000000000000000000e+00,1.200000000000000000e+01,6.155293617390296124e-01,6.025532031381507503e-01,0.000000000000000000e+00
1.000000000000000000e+00,2.000000000000000000e+01,8.005540662533860985e-01,9.282856609611679355e-01,8.798398603595720679e-01
5.000000000000000000e+00,3.100000000000000000e+01,4.134597517849236126e-01,4.638501004546919382e-01,7.446819305068673733e-01
1.000000000000000000e+00,2.300000000000000000e+01,8.004734897984597808e-01,9.249986821874586207e-01,9.140471714456012142e-01
6.000000000000000000e+00,3.300000000000000000e+01,4.561292109808151030e-01,3.194086014426214537e-01,6.019280810351653743e-01
5.000000000000000000e+00,2.000000000000000000e+01,0.000000000000000000e+00,5.636853635522570682e-01,4.465480609214221297e-01
1.000000000000000000e+00,3.700000000000000000e+01,9.352019177477007839e-01,8.876791371677777986e-01,9.087883760186264981e-01
5.000000000000000000e+00,1.100000000000000000e+01,5.396404496312221521e-01,4.862495118789408877e-01,0.000000000000000000e+00
7.000000000000000000e+00,2.500000000000000000e+01,0.000000000000000000e+00,3.212467263611346047e-01,3.973911265918347313e-01
8.000000000000000000e+00,1.400000000000000000e+01,1.807597200343740718e-01,2.016595443803145260e-01,1.476905319732908506e-01
8.000000000000000000e+00,2.800000000000000000e+01,0.000000000000000000e+00,2.107237672278215457e-01,3.403476318689168112e-01
2.000000000000000000e+00,1.900000000000000000e+01,5.217217613392846065e-01,8.585311495949368155e-01,7.247780724996507606e-01
1.000000000000000000e+00,2.000000000000000000e+00,9.531722599640516380e-01,8.852088243484436125e-01,8.760007839844258237e-01
5.000000000000000000e+00,3.500000000000000000e+01,6.363417961041951676e-01,3.962681864036687318e-01,6.493092732398767497e-01
6.000000000000000000e+00,1.000000000000000000e+01,4.518322810832991476e-01,3.747944827267289947e-01,8.237480986670131511e-02
4.000000000000000000e+00,3.100000000000000000e+01,5.299036804422279090e-01,5.727940054366594813e-01,7.964259730418628003e-01
6.000000000000000000e+00,1.800000000000000000e+01,0.000000000000000000e+00,4.564749435826524482e-01,2.827841152699380189e-01
6.000000000000000000e+00,3.000000000000000000e+01,2.578140691197514187e-03,3.853797106766262970e-01,6.979800570409404603e-01
4.000000000000000000e+00,1.300000000000000000e+01,5.629870931953528945e-01,6.172189638112105525e-01,0.000000000000000000e+00
2.000000000000000000e+00,5.000000000000000000e+00,9.880528450086195624e-01,7.385637935853570646e-01,6.007749079931543612e-01
5.000000000000000000e+00,2.300000000000000000e+01,0.000000000000000000e+00,5.473257240288031955e-01,5.582393573596374781e-01
3.000000000000000000e+00,3.900000000000000000e+01,9.141556670890035319e-01,5.997053735402833041e-01,6.729347203916710152e-01
7.000000000000000000e+00,5.000000000000000000e+00,4.755110855916124257e-01,2.030902081483837440e-01,5.617448053257591972e-02
1.000000000000000000e+00,3.500000000000000000e+01,9.237547335260203329e-01,8.899914320091153463e-01,9.211757409699193877e-01
1.000000000000000000e+00,1.100000000000000000e+01,9.514900026999789651e-01,9.102191046319993983e-01,5.492829476766111219e-01
8.000000000000000000e+00,3.900000000000000000e+01,3.620036726489114232e-01,7.964643754799435871e-02,2.338320385974285709e-01
1.000000000000000000e+00,2.600000000000000000e+01,8.279053038299415412e-01,9.157641562801177582e-01,9.366045030319288811e-01
6.000000000000000000e+00,3.000000000000000000e+00,7.284276172468053812e-01,1.548848537661825231e-01,1.278552482294486037e-01
4.000000000000000000e+00,2.200000000000000000e+01,0.000000000000000000e+00,6.565772830383654890e-01,6.206562511187647679e-01
5.000000000000000000e+00,3.200000000000000000e+01,4.938803821659482618e-01,4.424680755194422277e-01,7.309669051950165031e-01
8.000000000000000000e+00,1.500000000000000000e+01,1.338015444218308980e-01,2.146609780752511409e-01,1.031459402664614555e-01
7.000000000000000000e+00,2.100000000000000000e+01,0.000000000000000000e+00,3.287595323601354980e-01,2.929028864256553732e-01
8.000000000000000000e+00,3.300000000000000000e+01,2.609932248606480210e-01,1.368574979376843692e-01,3.560850667085833088e-01
2.000000000000000000e+00,1.700000000000000000e+01,4.966541686424724156e-01,8.704513615948076266e-01,6.117073277751687854e-01
1.000000000000000000e+00,3.900000000000000000e+01,9.442857192126643540e-01,8.861994967061036510e-01,8.948671929753232446e-01
3.000000000000000000e+00,2.100000000000000000e+01,2.474202375019363132e-01,7.646958101597512991e-01,6.747208084276252738e-01
3.000000000000000000e+00,3.000000000000000000e+01,5.487496449440438795e-01,6.963330532086734470e-01,9.101628917780160144e-01
8.000000000000000000e+00,9.000000000000000000e+00,2.268334323936136432e-01,1.887977598276932290e-01,1.259831016368520851e-01
4.000000000000000000e+00,1.000000000000000000e+00,9.220123862387645808e-01,4.290697337653811561e-01,4.682089652300427951e-01
7.000000000000000000e+00,2.700000000000000000e+01,0.000000000000000000e+00,3.101242212935254594e-01,4.306592728304591278e-01
3.000000000000000000e+00,1.100000000000000000e+01,7.667648996909749437e-01,6.956915748028112967e-01,0.000000000000000000e+00
7.000000000000000000e+00,4.000000000000000000e+00,5.316740070952344910e-01,1.445577198099624872e-01,6.509122775857259513e-02
1.000000000000000000e+00,1.400000000000000000e+01,8.740891238212020742e-01,9.255810898782432794e-01,6.750341787410621963e-01
4.000000000000000000e+00,6.000000000000000000e+00,8.577710011874184470e-01,4.949450198184920935e-01,8.297678600979088714e-02
1.000000000000000000e+00,3.300000000000000000e+01,9.057356774395862731e-01,8.939443319919614384e-01,9.360863733220889937e-01
4.000000000000000000e+00,0.000000000000000000e+00,5.841397886289879660e-01,5.843766136268275790e-01,5.840441520783156149e-01
2.000000000000000000e+00,2.800000000000000000e+01,6.778634296875100107e-01,8.120185727236757245e-01,8.928496824356615402e-01
7.000000000000000000e+00,1.700000000000000000e+01,0.000000000000000000e+00,3.369720210606588218e-01,1.764229014098508963e-01
6.000000000000000000e+00,5.000000000000000000e+00,6.189453574029801786e-01,2.846970587551177490e-01,6.076872577669372583e-02
8.000000000000000000e+00,3.800000000000000000e+01,3.526970258681833559e-01,8.565122901450464288e-02,2.566229764453784590e-01
3.000000000000000000e+00,1.700000000000000000e+01,2.819805873475184077e-01,7.754867912924613416e-01,4.809536081552429621e-01
5.000000000000000000e+00,3.600000000000000000e+01,7.062664567350288580e-01,3.544354888795119285e-01,6.421302510157204102e-01
4.000000000000000000e+00,7.000000000000000000e+00,8.223926542694814934e-01,5.167198595572957132e-01,0.000000000000000000e+00
8.000000000000000000e+00,1.900000000000000000e+01,0.000000000000000000e+00,2.309054138050020688e-01,1.669283875419258767e-01
1.000000000000000000e+00,2.800000000000000000e+01,8.502536624607264226e-01,9.094100084478604629e-01,9.404637413331172757e-01
4.000000000000000000e+00,3.500000000000000000e+01,7.433915264737456230e-01,5.006573473852541367e-01,7.532244777491655663e-01
1.000000000000000000e+00,0.000000000000000000e+00,8.994020997923578564e-01,8.996841853076568141e-01,8.991658174561388828e-01
4.000000000000000000e+00,1.100000000000000000e+01,6.532877995466037646e-01,5.903320825066094013e-01,0.000000000000000000e+00
6.000000000000000000e+00,3.800000000000000000e+01,6.562543665482483135e-01,2.092669842843498107e-01,4.388531505950494793e-01
7.000000000000000000e+00,2.600000000000000000e+01,0.000000000000000000e+00,3.161804957885148704e-01,4.168058908398777351e-01
3.000000000000000000e+00,4.000000000000000000e+00,9.861793720579697942e-01,5.826949047859044661e-01,4.265109942004661758e-01
7.000000000000000000e+00,3.100000000000000000e+01,2.173895176621183922e-01,2.449066510452023171e-01,5.923706121296724580e-01
5.000000000000000000e+00,1.400000000000000000e+01,4.123352937348975233e-01,5.203194387615830419e-01,9.274981799932416338e-02
6.000000000000000000e+00,2.100000000000000000e+01,0.000000000000000000e+00,4.455430160206456658e-01,3.903945665891472294e-01
4.000000000000000000e+00,1.600000000000000000e+01,1.953230119854859059e-01,6.705772324168488563e-01,2.076625568199518268e-01
7.000000000000000000e+00,6.000000000000000000e+00,4.264161863874048053e-01,2.359894211701411559e-01,9.661889526323386157e-02
1.000000000000000000e+00,2.400000000000000000e+01,8.062410106194604076e-01,9.227436022877367749e-01,9.223205670696430492e-01
2.000000000000000000e+00,3.700000000000000000e+01,9.400402289969121972e-01,7.359405339674082169e-01,8.354581679336304800e-01
1.000000000000000000e+00,3.200000000000000000e+01,8.993485218350831811e-01,8.958121514363783788e-01,9.365815981195371176e-01
5.000000000000000000e+00,9.000000000000000000e+00,6.038931932840277961e-01,4.611677024098259081e-01,5.443672037301210825e-02
5.000000000000000000e+00,3.000000000000000000e+00,8.531015817805817081e-01,2.831191095536031987e-01,2.113023243518437622e-01
3.000000000000000000e+00,2.300000000000000000e+01,3.910331576035716017e-01,7.445836900720260720e-01,7.349875961211899122e-01
1.000000000000000000e+00,6.000000000000000000e+00,9.644995654864333412e-01,8.863273025707952835e-01,8.252187433869668798e-01
5.000000000000000000e+00,3.000000000000000000e+01,1.996133035238530362e-01,4.895106197768268053e-01,8.067601219809833468e-01
2.000000000000000000e+00,4.000000000000000000e+01,9.786028832602663430e-01,7.290405378452035068e-01,7.511369006090959921e-01
1.000000000000000000e+00,1.900000000000000000e+01,8.038008246152184011e-01,9.284668737002664818e-01,8.693563594227625702e-01
1.000000000000000000e+00,2.700000000000000000e+01,8.411723706536188283e-01,9.120395531800252753e-01,9.387518299937229749e-01
6.000000000000000000e+00,8.000000000000000000e+00,4.992506721587419150e-01,3.539786860493889242e-01,1.285369601156505226e-01
7.000000000000000000e+00,3.300000000000000000e+01,3.697400212756908333e-01,2.093317852251355138e-01,5.049534196656662033e-01
2.000000000000000000e+00,9.000000000000000000e+00,9.976105120446382424e-01,7.589816613912319099e-01,0.000000000000000000e+00
5.000000000000000000e+00,2.000000000000000000e+00,8.558233163793981246e-01,2.725800478604196164e-01,2.916362338653630260e-01
5.000000000000000000e+00,1.900000000000000000e+01,0.000000000000000000e+00,5.635170734709589180e-01,4.110139196635415049e-01
3.000000000000000000e+00,0.000000000000000000e+00,6.875605196506445749e-01,6.877677901010963435e-01,6.873604286790522266e-01
5.000000000000000000e+00,2.100000000000000000e+01,0.000000000000000000e+00,5.639654691395793451e-01,4.857897549161387940e-01
1.000000000000000000e+00,3.000000000000000000e+00,9.570643771288341872e-01,8.847960862621772060e-01,8.672316916143650856e-01
2.000000000000000000e+00,3.000000000000000000e+01,6.868376358661691938e-01,8.008095933190592097e-01,9.672695160658545399e-01
5.000000000000000000e+00,1.300000000000000000e+01,4.634357601808353766e-01,5.088102674500986078e-01,4.219777719554774348e-03
8.000000000000000000e+00,3.700000000000000000e+01,3.395521967627556648e-01,9.438113678856596689e-02,2.808083681490054495e-01
2.000000000000000000e+00,1.500000000000000000e+01,6.132821923654518947e-01,8.627752530044754398e-01,3.690595185441442050e-01
5.000000000000000000e+00,2.500000000000000000e+01,0.000000000000000000e+00,5.384350763366135828e-01,6.275882779281337642e-01
4.000000000000000000e+00,3.300000000000000000e+01,6.323998996938652306e-01,5.445979462017823680e-01,7.716454549362251614e-01
7.000000000000000000e+00,1.100000000000000000e+01,3.147666267202876011e-01,2.857714152494643667e-01,1.137651352507476066e-01
4.000000000000000000e+00,1.900000000000000000e+01,0.000000000000000000e+00,6.709101632133899207e-01,5.045055564111154967e-01
6.000000000000000000e+00,2.700000000000000000e+01,0.000000000000000000e+00,4.174279843769991838e-01,5.768531160313857820e-01
8.000000000000000000e+00,0.000000000000000000e+00,1.938990237235392600e-01,1.939971998651769669e-01,1.938589427948723132e-01
8.000000000000000000e+00,3.100000000000000000e+01,1.540887502670434395e-01,1.569160913114169553e-01,4.393223567165959742e-01
1.000000000000000000e+00,3.800000000000000000e+01,9.404509562516696342e-01,8.867969270650312152e-01,9.010907355331392310e-01
3.000000000000000000e+00,1.600000000000000000e+01,4.114082852974182969e-01,7.663767361144999679e-01,3.773689412018855216e-01
5.000000000000000000e+00,2.200000000000000000e+01,0.000000000000000000e+00,5.493206919748109263e-01,5.246414255997760012e-01
7.000000000000000000e+00,3.700000000000000000e+01,4.908445669307687775e-01,1.420315487527873399e-01,3.892693800442283969e-01
3.000000000000000000e+00,5.000000000000000000e+00,9.698262491290333687e-01,5.954442273935609542e-01,3.728397943160421391e-01
1.000000000000000000e+00,3.600000000000000000e+01,9.296382441050738965e-01,8.887801741531119459e-01,9.151336622880595906e-01
5.000000000000000000e+00,1.200000000000000000e+01,5.076119562999081847e-01,4.965892267061199905e-01,0.000000000000000000e+00
5.000000000000000000e+00,1.000000000000000000e+00,8.524372082430673458e-01,2.677496103783679193e-01,3.632561787039536028e-01
3.000000000000000000e+00,2.900000000000000000e+01,4.889047281932822897e-01,7.090458998595895457e-01,9.055566375314704208e-01
7.000000000000000000e+00,2.000000000000000000e+01,0.000000000000000000e+00,3.391109877348704171e-01,2.672223225236876054e-01
1.000000000000000000e+00,4.000000000000000000e+00,9.598413637701684875e-01,8.847365829165995121e-01,8.584399318494935205e-01
7.000000000000000000e+00,3.600000000000000000e+01,4.619424807541430700e-01,1.611187148112880052e-01,4.311583291751511227e-01
3.000000000000000000e+00,9.000000000000000000e+00,8.590006965641312497e-01,6.599870479937693935e-01,0.000000000000000000e+00
1.000000000000000000e+00,2.500000000000000000e+01,8.164403817541747710e-01,9.192520329164080017e-01,9.314066503137893305e-01
7.000000000000000000e+00,1.600000000000000000e+01,1.292983031541473926e-01,3.229615774021752372e-01,1.511462537085647706e-01
6.000000000000000000e+00,7.000000000000000000e+00,5.442225562903237890e-01,3.334061081570848240e-01,5.431556012944787487e-02
1.000000000000000000e+00,2.200000000000000000e+01,7.986410903551730556e-01,9.268235153212771582e-01,9.000400695138540685e-01
